{"cameraMode":{"drawMode":0,"name":"Shaded","section":"Shading Mode"},"sceneLighting":true,"audioPlay":false,"sceneViewState":{"showFog":true,"showMaterialUpdate":false,"showSkybox":true,"showFlares":true,"showImageEffects":true,"showParticleSystems":true},"in2DMode":false,"pivot":{"x":0.09978008270263672,"y":-1.4822750091552735,"z":0.24245452880859376},"rotation":{"x":-0.43819522857666018,"y":0.5552146434783936,"z":-0.43925002217292788,"w":-0.5538873076438904},"size":5.7451300621032719,"orthographic":false}