{"cameraMode":{"drawMode":0,"name":"Shaded","section":"Shading Mode"},"sceneLighting":false,"audioPlay":false,"sceneViewState":{"showFog":true,"showMaterialUpdate":false,"showSkybox":false,"showFlares":true,"showImageEffects":true,"showParticleSystems":true},"in2DMode":false,"pivot":{"x":-1.4548165798187256,"y":0.09833550453186035,"z":0.10667353868484497},"rotation":{"x":-0.3121601641178131,"y":0.6378943920135498,"z":-0.3166889548301697,"w":-0.6287765502929688},"size":0.8660253882408142,"orthographic":false}