{"cameraMode":{"drawMode":0,"name":"Shaded","section":"Shading Mode"},"sceneLighting":true,"audioPlay":false,"sceneViewState":{"showFog":true,"showMaterialUpdate":false,"showSkybox":true,"showFlares":true,"showImageEffects":true,"showParticleSystems":true},"in2DMode":false,"pivot":{"x":-2.4703359603881838,"y":0.11702775955200196,"z":1.078911304473877},"rotation":{"x":-0.15416334569454194,"y":0.733805239200592,"z":-0.17748373746871949,"w":-0.6373904347419739},"size":3.9247448444366457,"orthographic":false}