{"cameraMode":{"drawMode":0,"name":"Shaded","section":"Shading Mode"},"sceneLighting":true,"audioPlay":false,"sceneViewState":{"showFog":true,"showMaterialUpdate":false,"showSkybox":true,"showFlares":true,"showImageEffects":true,"showParticleSystems":true},"in2DMode":false,"pivot":{"x":0.18612360954284669,"y":-0.6056928634643555,"z":0.6774369478225708},"rotation":{"x":-0.32264867424964907,"y":0.6384378671646118,"z":-0.3362918198108673,"w":-0.6125413775444031},"size":7.1844162940979,"orthographic":false}