{"cameraMode":{"drawMode":0,"name":"Shaded","section":"Shading Mode"},"sceneLighting":true,"audioPlay":false,"sceneViewState":{"showFog":true,"showMaterialUpdate":false,"showSkybox":true,"showFlares":true,"showImageEffects":true,"showParticleSystems":true},"in2DMode":false,"pivot":{"x":1.1257736682891846,"y":-1.8687560558319092,"z":0.9204016923904419},"rotation":{"x":-0.3121601641178131,"y":0.6378943920135498,"z":-0.3166889548301697,"w":-0.6287765502929688},"size":7.237174987792969,"orthographic":false}